cell,cycle,dcir
B0029,1,0.094792
B0029,3,0.091914
B0029,5,0.091826
B0029,7,0.091759
B0029,9,0.091625
B0029,13,0.092213
B0029,15,0.091771
B0029,17,0.091922
B0029,19,0.09206
B0029,21,0.092015
B0029,25,0.092355
B0029,27,0.092184
B0029,29,0.092379
B0029,31,0.09246
B0029,33,0.0928
B0029,37,0.093807
B0029,39,0.093091
B0029,41,0.093315
B0029,43,0.093273
B0029,45,0.093574
B0029,49,0.093933
B0029,51,0.093899
B0029,53,0.094119
B0029,55,0.094362
B0029,57,0.094675
B0029,61,0.094901
B0029,63,0.094812
B0029,65,0.094979
B0029,67,0.095347
B0029,69,0.095659
B0029,73,0.095747
B0029,75,0.096032
B0029,77,0.096158
B0029,79,0.096405
B0029,81,0.096642
B0029,85,0.096785
B0029,87,0.096822
B0029,89,0.097098
B0029,91,0.097387
B0029,93,0.097656
B0030,1,0.098937
B0030,3,0.096537
B0030,5,0.096318
B0030,7,0.096118
B0030,9,0.09618
B0030,13,0.096577
B0030,15,0.096163
B0030,17,0.096329
B0030,19,0.096466
B0030,21,0.096316
B0030,25,0.096627
B0030,27,0.096544
B0030,29,0.096677
B0030,31,0.096612
B0030,33,0.096936
B0030,37,0.097567
B0030,39,0.09708
B0030,41,0.097207
B0030,43,0.097421
B0030,45,0.097456
B0030,49,0.097766
B0030,51,0.097666
B0030,53,0.097789
B0030,55,0.098239
B0030,57,0.098247
B0030,61,0.098483
B0030,63,0.098464
B0030,65,0.09849
B0030,67,0.098774
B0030,69,0.098939
B0030,73,0.099088
B0030,75,0.09922
B0030,77,0.09939
B0030,79,0.099646
B0030,81,0.099795
B0030,85,0.099869
B0030,87,0.099972
B0030,89,0.100154
B0030,91,0.100191
B0030,93,0.100513
B0031,1,0.098832
B0031,3,0.096533
B0031,5,0.096202
B0031,7,0.095996
B0031,9,0.095916
B0031,13,0.095972
B0031,15,0.095851
B0031,17,0.095842
B0031,19,0.096067
B0031,21,0.09601
B0031,25,0.096117
B0031,27,0.095918
B0031,29,0.095982
B0031,31,0.096278
B0031,33,0.096413
B0031,37,0.096718
B0031,39,0.096547
B0031,41,0.096623
B0031,43,0.096491
B0031,45,0.09685
B0031,49,0.096813
B0031,51,0.096792
B0031,53,0.09699
B0031,55,0.097405
B0031,57,0.097393
B0031,61,0.097325
B0031,63,0.097382
B0031,65,0.097509
B0031,67,0.097597
B0031,69,0.097963
B0031,73,0.09788
B0031,75,0.097897
B0031,77,0.098282
B0031,79,0.098415
B0031,81,0.098535
B0031,85,0.098435
B0031,87,0.098555
B0031,89,0.098787
B0031,91,0.098963
B0031,93,0.099141
B0032,1,0.10697
B0032,3,0.105341
B0032,5,0.104865
B0032,7,0.104791
B0032,9,0.104641
B0032,13,0.105551
B0032,15,0.105472
B0032,17,0.105541
B0032,19,0.105942
B0032,21,0.106045
B0032,25,0.106192
B0032,27,0.106397
B0032,29,0.106371
B0032,31,0.106706
B0032,33,0.106812
B0032,37,0.107393
B0032,39,0.107096
B0032,41,0.107368
B0032,43,0.107637
B0032,45,0.107828
B0032,49,0.107772
B0032,51,0.108471
B0032,53,0.108483
B0032,55,0.108804
B0032,57,0.108935
B0032,61,0.108896
B0032,63,0.109274
B0032,65,0.109405
B0032,67,0.109904
B0032,69,0.109903
B0032,73,0.11004
B0032,75,0.110296
B0032,77,0.1105
B0032,79,0.110776
B0032,81,0.11087
B0032,85,0.111011
B0032,87,0.110848
B0032,89,0.111391
B0032,91,0.111351
B0032,93,0.111625
B0033,0,0.219269
B0033,4,0.201134
B0033,6,0.197661
B0033,8,0.200271
B0033,10,0.200225
B0033,12,0.202082
B0033,16,0.203901
B0033,18,0.205121
B0033,20,0.188336
B0033,22,0.181072
B0033,24,0.176953
B0033,28,0.175499
B0033,30,0.169465
B0033,32,0.16566
B0033,34,0.163652
B0033,36,0.162932
B0033,40,0.160273
B0033,42,0.159302
B0033,44,0.160016
B0033,46,0.160941
B0033,48,0.161358
B0033,52,0.160331
B0033,56,0.160352
B0033,58,0.161202
B0033,60,0.16135
B0033,62,0.161542
B0033,64,0.161241
B0033,68,0.160662
B0033,70,0.16104
B0033,72,0.162055
B0033,74,0.162666
B0033,76,0.162373
B0033,80,0.1619
B0033,82,0.162281
B0033,84,0.163058
B0033,86,0.163312
B0033,88,0.163278
B0033,92,0.161197
B0033,94,0.160566
B0033,96,0.161009
B0033,98,0.163249
B0033,100,0.164173
B0033,104,0.162563
B0033,108,0.160635
B0033,110,0.16189
B0033,112,0.167653
B0033,116,0.162061
B0033,118,0.163627
B0033,120,0.164598
B0033,122,0.164286
B0033,124,0.163047
B0033,128,0.163736
B0033,130,0.165592
B0033,132,0.166635
B0033,134,0.167397
B0033,136,0.167222
B0033,140,0.166019
B0033,142,0.166308
B0033,144,0.169458
B0033,146,0.170672
B0033,148,0.171787
B0033,152,0.170099
B0033,154,0.168929
B0033,156,0.169315
B0033,158,0.173139
B0033,160,0.174442
B0033,164,0.174752
B0033,168,0.169353
B0033,170,0.171316
B0033,172,0.174787
B0033,174,0.176209
B0033,176,0.178203
B0033,180,0.177737
B0033,182,0.176256
B0033,184,0.179846
B0033,186,0.182713
B0033,188,0.18437
B0033,192,0.186765
B0033,194,0.186599
B0033,196,0.188298
B0033,198,0.188378
B0033,200,0.187659
B0033,204,0.188172
B0033,206,0.191031
B0033,208,0.188121
B0033,210,0.19279
B0033,212,0.191641
B0033,216,0.194085
B0033,218,0.1943
B0033,220,0.193566
B0033,222,0.191466
B0033,224,0.190054
B0033,228,0.194637
B0033,230,0.196374
B0033,232,0.196105
B0033,234,0.196472
B0033,236,0.195233
B0033,240,0.19217
B0033,242,0.199023
B0033,244,0.200668
B0033,246,0.199694
B0033,248,0.198499
B0033,252,0.1952
B0033,254,0.197963
B0033,256,0.200774
B0033,258,0.202073
B0033,260,0.202317
B0033,264,0.197911
B0033,266,0.196629
B0033,268,0.195097
B0033,270,0.204087
B0033,272,0.204369
B0033,276,0.206854
B0033,278,0.205796
B0033,282,0.191895
B0033,284,0.19933
B0033,286,0.200825
B0033,288,0.203082
B0033,290,0.202905
B0033,294,0.203963
B0033,296,0.205972
B0033,298,0.205355
B0033,300,0.203114
B0033,302,0.206102
B0033,306,0.207812
B0033,308,0.207522
B0033,310,0.208679
B0033,312,0.210074
B0033,314,0.211506
B0033,318,0.209569
B0033,320,0.207202
B0033,322,0.214402
B0033,324,0.221721
B0033,326,0.225988
B0033,330,0.220254
B0033,334,0.196704
B0033,336,0.203867
B0033,338,0.205409
B0033,340,0.204029
B0033,342,0.266465
B0033,346,0.27166
B0033,348,0.276882
B0033,350,0.275566
B0033,352,0.278596
B0033,354,0.268256
B0033,358,0.261138
B0033,360,0.259606
B0033,362,0.264517
B0033,364,0.222769
B0033,366,0.218346
B0033,370,0.212914
B0033,372,0.21175
B0033,374,0.211737
B0033,376,0.212167
B0033,378,0.213675
B0033,382,0.206458
B0033,386,0.19227
B0033,388,0.194959
B0033,390,0.20213
B0033,392,0.203269
B0033,394,0.200592
B0033,398,0.195963
B0033,400,0.197312
B0033,402,0.201718
B0033,404,0.202889
B0033,406,0.202847
B0033,410,0.200639
B0033,412,0.198179
B0033,414,0.198363
B0033,416,0.202843
B0033,418,0.204244
B0033,422,0.204948
B0033,424,0.20003
B0033,426,0.197598
B0033,428,0.198392
B0033,430,0.202613
B0033,434,0.197868
B0033,438,0.202866
B0033,440,0.204034
B0033,442,0.204446
B0033,444,0.204756
B0033,446,0.204239
B0033,450,0.204507
B0033,452,0.204985
B0033,454,0.205083
B0033,456,0.204507
B0033,458,0.202365
B0033,462,0.205773
B0033,464,0.20603
B0033,466,0.204521
B0033,468,0.205274
B0033,470,0.204926
B0033,474,0.189871
B0033,476,0.194731
B0033,478,0.201201
B0033,480,0.204641
B0033,482,0.205327
B0034,0,0.196319
B0034,4,0.179163
B0034,6,0.172613
B0034,8,0.171814
B0034,10,0.171065
B0034,12,0.171469
B0034,16,0.170334
B0034,18,0.169438
B0034,20,0.168812
B0034,22,0.168174
B0034,24,0.16799
B0034,28,0.167439
B0034,30,0.167171
B0034,32,0.166985
B0034,34,0.166739
B0034,36,0.166104
B0034,40,0.164918
B0034,42,0.16387
B0034,44,0.165422
B0034,46,0.166177
B0034,48,0.166493
B0034,52,0.165689
B0034,56,0.165388
B0034,58,0.16643
B0034,60,0.166634
B0034,62,0.166914
B0034,64,0.166638
B0034,68,0.166087
B0034,70,0.16649
B0034,72,0.167106
B0034,74,0.167906
B0034,76,0.167628
B0034,80,0.167276
B0034,82,0.167444
B0034,84,0.168284
B0034,86,0.168543
B0034,88,0.168396
B0034,92,0.166418
B0034,94,0.165837
B0034,96,0.166534
B0034,98,0.168343
B0034,100,0.169034
B0034,104,0.167806
B0034,108,0.165848
B0034,110,0.166551
B0034,112,0.1715
B0034,116,0.169548
B0034,118,0.170428
B0034,120,0.17101
B0034,122,0.170668
B0034,124,0.169357
B0034,128,0.16932
B0034,130,0.171065
B0034,132,0.171634
B0034,134,0.171801
B0034,136,0.171517
B0034,140,0.170049
B0034,142,0.170405
B0034,144,0.173107
B0034,146,0.173688
B0034,148,0.174185
B0034,152,0.172422
B0034,154,0.171129
B0034,156,0.17189
B0034,158,0.174522
B0034,160,0.175112
B0034,164,0.176079
B0034,168,0.171778
B0034,170,0.173187
B0034,172,0.174979
B0034,174,0.175708
B0034,176,0.176297
B0034,180,0.174385
B0034,182,0.173074
B0034,184,0.175125
B0034,186,0.176951
B0034,188,0.177726
B0034,192,0.178337
B0034,194,0.177799
B0034,196,0.178661
B0034,198,0.178532
B0034,200,0.179015
B0034,204,0.178984
B0034,206,0.179012
B0034,208,0.179184
B0034,210,0.179826
B0034,212,0.179516
B0034,216,0.180036
B0034,218,0.180016
B0034,220,0.179182
B0034,222,0.177949
B0034,224,0.176972
B0034,228,0.180205
B0034,230,0.181328
B0034,232,0.181798
B0034,234,0.180612
B0034,236,0.17993
B0034,240,0.179232
B0034,242,0.181599
B0034,244,0.182598
B0034,246,0.182467
B0034,248,0.180421
B0034,252,0.178816
B0034,254,0.180395
B0034,256,0.182815
B0034,258,0.183372
B0034,260,0.183144
B0034,264,0.179436
B0034,266,0.178599
B0034,268,0.180487
B0034,270,0.183145
B0034,272,0.184161
B0034,276,0.184297
B0034,278,0.189087
B0034,282,0.180714
B0034,284,0.182221
B0034,286,0.18272
B0034,288,0.182991
B0034,290,0.183161
B0034,294,0.183368
B0034,296,0.183511
B0034,298,0.183834
B0034,300,0.18403
B0034,302,0.184089
B0034,306,0.184305
B0034,308,0.184232
B0034,310,0.184522
B0034,312,0.184868
B0034,314,0.185243
B0034,318,0.183151
B0034,320,0.180923
B0034,322,0.182227
B0034,324,0.184684
B0034,326,0.185926
B0034,330,0.186794
B0034,334,0.182239
B0034,336,0.18368
B0034,338,0.185178
B0034,340,0.186078
B0034,342,0.186455
B0034,346,0.183482
B0034,348,0.182542
B0034,350,0.184432
B0034,352,0.186493
B0034,354,0.187317
B0034,358,0.18666
B0034,360,0.184551
B0034,362,0.182869
B0034,364,0.185543
B0034,366,0.187485
B0034,370,0.188924
B0034,372,0.189241
B0034,374,0.189336
B0034,376,0.189242
B0034,378,0.189764
B0034,382,0.18754
B0034,386,0.183098
B0034,388,0.185236
B0034,390,0.186789
B0034,392,0.187712
B0034,394,0.18708
B0034,398,0.184962
B0034,400,0.186757
B0034,402,0.189479
B0034,404,0.190804
B0034,406,0.190608
B0034,410,0.1888
B0034,412,0.187912
B0034,414,0.188267
B0034,416,0.190585
B0034,418,0.191577
B0034,422,0.192587
B0034,424,0.189395
B0034,426,0.188634
B0034,428,0.189429
B0034,430,0.191719
B0034,434,0.188896
B0034,438,0.191809
B0034,440,0.192633
B0034,442,0.193264
B0034,444,0.193235
B0034,446,0.193342
B0034,450,0.193943
B0034,452,0.194186
B0034,454,0.194477
B0034,456,0.19487
B0034,458,0.194903
B0034,462,0.195492
B0034,464,0.195541
B0034,466,0.195649
B0034,468,0.196216
B0034,470,0.19603
B0034,474,0.18921
B0034,476,0.19022
B0034,478,0.192813
B0034,480,0.195415
B0034,482,0.195801
B0036,0,0.177945
B0036,4,0.165972
B0036,6,0.16366
B0036,8,0.163497
B0036,10,0.163217
B0036,12,0.164767
B0036,16,0.164086
B0036,18,0.163718
B0036,20,0.163921
B0036,22,0.16311
B0036,24,0.16307
B0036,28,0.161818
B0036,30,0.162532
B0036,32,0.162123
B0036,34,0.162233
B0036,36,0.160936
B0036,40,0.159706
B0036,42,0.158397
B0036,44,0.160525
B0036,46,0.161074
B0036,48,0.161675
B0036,52,0.159639
B0036,56,0.160081
B0036,58,0.161251
B0036,60,0.161587
B0036,62,0.162037
B0036,64,0.16165
B0036,68,0.160224
B0036,70,0.161099
B0036,72,0.161587
B0036,74,0.162159
B0036,76,0.161558
B0036,80,0.160898
B0036,82,0.161498
B0036,84,0.162039
B0036,86,0.162658
B0036,88,0.162075
B0036,92,0.159273
B0036,94,0.158739
B0036,96,0.159428
B0036,98,0.161639
B0036,100,0.161625
B0036,104,0.159811
B0036,108,0.1578
B0036,110,0.159161
B0036,112,0.164418
B0036,116,0.161241
B0036,118,0.162445
B0036,120,0.163285
B0036,122,0.162219
B0036,124,0.160514
B0036,128,0.160529
B0036,130,0.162139
B0036,132,0.162113
B0036,134,0.16272
B0036,136,0.162323
B0036,140,0.160813
B0036,142,0.161376
B0036,144,0.162802
B0036,146,0.164147
B0036,148,0.164879
B0036,152,0.162287
B0036,154,0.161438
B0036,156,0.16187
B0036,158,0.164318
B0036,160,0.165013
B0036,164,0.165536
B0036,168,0.161589
B0036,170,0.16295
B0036,172,0.164442
B0036,174,0.165487
B0036,176,0.165815
B0036,180,0.163806
B0036,182,0.162131
B0036,184,0.163858
B0036,186,0.166073
B0036,188,0.166187
B0036,192,0.167242
B0036,194,0.166905
B0036,196,0.167461
B0036,198,0.167121
B0036,200,0.167677
B0036,204,0.167757
B0036,206,0.168019
B0036,208,0.167912
B0036,210,0.168127
B0036,212,0.168142
B0036,216,0.168475
B0036,218,0.168547
B0036,220,0.167782
B0036,222,0.166573
B0036,224,0.165518
B0036,228,0.168462
B0036,230,0.169676
B0036,232,0.17035
B0036,234,0.169507
B0036,236,0.168302
B0036,240,0.167497
B0036,242,0.169568
B0036,244,0.170391
B0036,246,0.17023
B0036,248,0.168473
B0036,252,0.166942
B0036,254,0.168582
B0036,256,0.170334
B0036,258,0.171463
B0036,260,0.171486
B0036,264,0.167493
B0036,266,0.166511
B0036,268,0.168293
B0036,270,0.170947
B0036,272,0.171733
B0036,276,0.171934
B0036,278,0.158416
B0036,282,0.166725
B0036,284,0.168246
B0036,286,0.168735
B0036,288,0.169167
B0036,290,0.16886
B0036,294,0.169507
B0036,296,0.169423
B0036,298,0.170144
B0036,300,0.170611
B0036,302,0.170314
B0036,306,0.170354
B0036,308,0.170411
B0036,310,0.170343
B0036,312,0.171129
B0036,314,0.170744
B0036,318,0.169084
B0036,320,0.167369
B0036,322,0.168303
B0036,324,0.170313
B0036,326,0.171714
B0036,330,0.171786
B0036,334,0.168013
B0036,336,0.168871
B0036,338,0.170506
B0036,340,0.170787
B0036,342,0.171489
B0036,346,0.168892
B0036,348,0.167439
B0036,350,0.169709
B0036,352,0.171034
B0036,354,0.171734
B0036,358,0.171419
B0036,360,0.169438
B0036,362,0.168679
B0036,364,0.170035
B0036,366,0.172632
B0036,370,0.173076
B0036,372,0.173474
B0036,374,0.173497
B0036,376,0.17299
B0036,378,0.174509
B0036,382,0.170133
B0036,386,0.166437
B0036,388,0.168532
B0036,390,0.169654
B0036,392,0.170461
B0036,394,0.169719
B0036,398,0.167436
B0036,400,0.169334
B0036,402,0.171822
B0036,404,0.172187
B0036,406,0.172745
B0036,410,0.171367
B0036,412,0.170714
B0036,414,0.170241
B0036,416,0.173213
B0036,418,0.173841
B0036,422,0.174443
B0036,424,0.172162
B0036,426,0.171841
B0036,428,0.172256
B0036,430,0.173806
B0036,434,0.171032
B0036,438,0.174168
B0036,440,0.174823
B0036,442,0.175193
B0036,444,0.175469
B0036,446,0.175005
B0036,450,0.175912
B0036,452,0.176258
B0036,454,0.176266
B0036,456,0.176844
B0036,458,0.176961
B0036,462,0.177449
B0036,464,0.177509
B0036,466,0.177887
B0036,468,0.177938
B0036,470,0.178222
B0036,474,0.172575
B0036,476,0.17339
B0036,478,0.175055
B0036,480,0.177142
B0036,482,0.17801
B0038,0,0.217876
B0038,4,0.196631
B0038,6,0.197238
B0038,8,0.197111
B0038,10,0.197127
B0038,12,0.196389
B0038,16,0.199557
B0038,20,0.197613
B0038,22,0.197568
B0038,24,0.196084
B0038,26,0.197948
B0038,28,0.197499
B0038,32,0.191165
B0038,36,0.171347
B0038,38,0.17141
B0038,40,0.171858
B0038,42,0.173113
B0038,44,0.173566
B0038,48,0.17325
B0038,52,0.174378
B0038,54,0.1745
B0038,56,0.173805
B0038,58,0.174624
B0038,60,0.17497
B0038,64,0.174412
B0038,66,0.175643
B0038,68,0.174688
B0038,70,0.17602
B0038,72,0.17568
B0038,76,0.17573
B0038,78,0.175883
B0038,80,0.176033
B0038,82,0.176134
B0038,84,0.175998
B0038,88,0.176394
B0038,90,0.176395
B0038,92,0.177083
B0038,94,0.176825
B0038,96,0.177224
B0038,100,0.17709
B0038,104,0.17708
B0038,106,0.177432
B0038,108,0.177662
B0038,110,0.178095
B0038,112,0.178458
B0038,116,0.184704
B0038,120,0.19268
B0039,0,0.210532
B0039,4,0.191564
B0039,6,0.19071
B0039,8,0.188922
B0039,10,0.187775
B0039,12,0.186042
B0039,16,0.189596
B0039,20,0.186474
B0039,22,0.185292
B0039,24,0.182987
B0039,26,0.184434
B0039,28,0.182994
B0039,32,0.172647
B0039,36,0.149436
B0039,38,0.150351
B0039,40,0.149729
B0039,42,0.150371
B0039,44,0.14951
B0039,48,0.150394
B0039,52,0.150451
B0039,54,0.151173
B0039,56,0.150831
B0039,58,0.151382
B0039,60,0.151341
B0039,64,0.15112
B0039,66,0.151818
B0039,68,0.152286
B0039,70,0.152718
B0039,72,0.152561
B0039,76,0.152074
B0039,78,0.152686
B0039,80,0.152982
B0039,82,0.153233
B0039,84,0.153431
B0039,88,0.153804
B0039,90,0.154821
B0039,92,0.154444
B0039,94,0.155324
B0039,96,0.15468
B0039,100,0.154892
B0039,104,0.155602
B0039,106,0.155893
B0039,108,0.156198
B0039,110,0.156662
B0039,112,0.157023
B0039,116,0.163446
B0039,120,0.161857
B0040,0,0.213795
B0040,4,0.19184
B0040,6,0.191574
B0040,8,0.190063
B0040,10,0.189061
B0040,12,0.188067
B0040,16,0.190483
B0040,20,0.188319
B0040,22,0.187369
B0040,24,0.185643
B0040,26,0.18652
B0040,28,0.185817
B0040,32,0.172614
B0040,36,0.157918
B0040,38,0.158698
B0040,40,0.159327
B0040,42,0.159503
B0040,44,0.159744
B0040,48,0.159328
B0040,52,0.159167
B0040,54,0.159624
B0040,56,0.161012
B0040,58,0.160469
B0040,60,0.160841
B0040,64,0.159999
B0040,66,0.160743
B0040,68,0.16111
B0040,70,0.160315
B0040,72,0.160569
B0040,76,0.160576
B0040,78,0.160884
B0040,80,0.161461
B0040,82,0.161993
B0040,84,0.161458
B0040,88,0.161677
B0040,90,0.161677
B0040,92,0.162786
B0040,94,0.162622
B0040,96,0.162799
B0040,100,0.163155
B0040,104,0.163783
B0040,106,0.164405
B0040,108,0.164021
B0040,110,0.164831
B0040,112,0.164734
B0040,116,0.175915
B0040,120,0.190438
B0041,0,0.368967
B0041,3,0.341063
B0041,5,0.351761
B0041,7,0.362617
B0041,9,0.3664
B0041,11,0.379322
B0041,15,0.361482
B0041,17,0.366125
B0041,19,0.392809
B0041,21,0.403191
B0041,23,0.378264
B0041,27,0.418644
B0041,29,0.38976
B0041,31,0.410886
B0041,33,0.397728
B0041,35,0.426063
B0041,39,0.404085
B0041,41,0.450766
B0041,43,0.423675
B0041,45,0.421639
B0041,47,0.427828
B0041,51,0.428195
B0041,55,0.458352
B0041,57,0.420103
B0041,59,0.435075
B0041,61,0.47647
B0041,63,0.437341
B0041,67,0.442572
B0041,69,0.442036
B0041,71,0.447228
B0041,73,0.492424
B0041,75,0.459219
B0041,79,0.462642
B0041,81,0.471968
B0041,83,0.480051
B0041,85,0.501065
B0041,87,0.554847
B0041,91,0.506536
B0041,93,0.574881
B0041,95,0.533883
B0041,97,0.602384
B0041,99,0.583064
B0041,103,0.278194
B0041,107,0.2591
B0041,109,0.251276
B0041,111,0.253432
B0041,113,0.26474
B0041,115,0.257451
B0041,119,0.269197
B0041,121,0.273949
B0041,123,0.277416
B0041,125,0.265431
B0041,127,0.267113
B0041,131,0.281679
B0041,133,0.271823
B0041,135,0.273584
B0041,137,0.27585
B0041,139,0.287932
B0041,143,0.27614
B0041,145,0.287264
B0041,147,0.291182
B0041,149,0.283213
B0041,151,0.29193
B0041,155,0.278184
B0041,157,0.281587
B0041,159,0.282677
B0041,161,0.284203
B0042,2,0.151402
B0042,4,0.142895
B0042,6,0.141659
B0042,8,0.141179
B0042,10,0.139876
B0042,14,0.13741
B0042,16,0.13754
B0042,18,0.138298
B0042,20,0.138834
B0042,22,0.139139
B0042,26,0.139838
B0042,28,0.139259
B0042,30,0.139639
B0042,32,0.139614
B0042,34,0.14031
B0042,38,0.140668
B0042,40,0.140244
B0042,42,0.140392
B0042,44,0.140798
B0042,46,0.14123
B0042,50,0.140721
B0042,54,0.137866
B0042,56,0.137357
B0042,58,0.138145
B0042,60,0.139134
B0042,62,0.139565
B0042,66,0.138973
B0042,68,0.138418
B0042,70,0.138953
B0042,72,0.139934
B0042,74,0.141027
B0042,78,0.142131
B0042,80,0.140941
B0042,82,0.141252
B0042,84,0.142693
B0042,86,0.14389
B0042,90,0.144565
B0042,92,0.143446
B0042,94,0.142716
B0042,96,0.143212
B0042,98,0.144688
B0042,102,0.311576
B0042,106,0.272442
B0042,108,0.263918
B0042,110,0.270251
B0042,112,0.24461
B0042,115,0.226063
B0042,117,0.231556
B0042,119,0.236872
B0042,121,0.238724
B0042,123,0.242021
B0042,127,0.235241
B0042,129,0.236154
B0042,131,0.247632
B0042,133,0.249466
B0042,135,0.240477
B0042,139,0.255584
B0042,141,0.244657
B0042,143,0.252978
B0042,145,0.247129
B0042,147,0.258514
B0042,151,0.250827
B0042,153,0.267306
B0042,155,0.257879
B0042,157,0.257253
B0042,159,0.26027
B0042,163,0.25138
B0042,167,0.259049
B0042,169,0.247562
B0042,171,0.254186
B0042,173,0.267779
B0042,175,0.255412
B0042,179,0.25883
B0042,181,0.259438
B0042,183,0.26139
B0042,185,0.276213
B0042,187,0.266819
B0042,191,0.269634
B0042,193,0.272399
B0042,195,0.275897
B0042,197,0.282926
B0042,199,0.297141
B0042,203,0.285593
B0042,205,0.307013
B0042,207,0.295557
B0042,209,0.313708
B0042,211,0.309372
B0042,215,0.24449
B0042,219,0.226084
B0042,221,0.221649
B0042,223,0.218717
B0042,225,0.227072
B0042,227,0.220428
B0042,231,0.225994
B0042,233,0.229072
B0042,235,0.231211
B0042,237,0.223255
B0042,239,0.223693
B0042,243,0.232404
B0042,245,0.228163
B0042,247,0.229097
B0042,249,0.230328
B0042,251,0.238719
B0042,255,0.230385
B0042,257,0.239563
B0042,259,0.243161
B0042,261,0.237175
B0042,263,0.242349
B0042,267,0.232739
B0042,269,0.238124
B0042,271,0.238842
B0042,273,0.240357
B0043,2,0.156947
B0043,4,0.146589
B0043,6,0.145242
B0043,8,0.144164
B0043,10,0.141479
B0043,14,0.139647
B0043,16,0.139161
B0043,18,0.139627
B0043,20,0.141221
B0043,22,0.141581
B0043,26,0.141808
B0043,28,0.141158
B0043,30,0.141743
B0043,32,0.140931
B0043,34,0.141555
B0043,38,0.142702
B0043,40,0.141713
B0043,42,0.141403
B0043,44,0.142639
B0043,46,0.142729
B0043,50,0.143377
B0043,54,0.140211
B0043,56,0.139567
B0043,58,0.139545
B0043,60,0.141353
B0043,62,0.141882
B0043,66,0.141461
B0043,68,0.140284
B0043,70,0.1403
B0043,72,0.138963
B0043,74,0.142005
B0043,78,0.144171
B0043,80,0.143405
B0043,82,0.143045
B0043,84,0.144791
B0043,86,0.146474
B0043,90,0.147651
B0043,92,0.146488
B0043,94,0.145575
B0043,96,0.14602
B0043,98,0.147997
B0043,102,0.342142
B0043,106,0.341132
B0043,108,0.33552
B0043,110,0.346589
B0043,112,0.311783
B0043,115,0.291103
B0043,117,0.296868
B0043,119,0.301996
B0043,121,0.302156
B0043,123,0.307808
B0043,127,0.294457
B0043,129,0.294991
B0043,131,0.309501
B0043,133,0.313976
B0043,135,0.297034
B0043,139,0.315879
B0043,141,0.299754
B0043,143,0.30937
B0043,145,0.300853
B0043,147,0.313717
B0043,151,0.301481
B0043,153,0.323983
B0043,155,0.309357
B0043,157,0.307115
B0043,159,0.309007
B0043,163,0.308492
B0043,167,0.321294
B0043,169,0.300973
B0043,171,0.305618
B0043,173,0.323448
B0043,175,0.304117
B0043,179,0.305809
B0043,181,0.303812
B0043,183,0.304446
B0043,185,0.322646
B0043,187,0.306416
B0043,191,0.306912
B0043,193,0.30958
B0043,195,0.31119
B0043,197,0.318254
B0043,199,0.335475
B0043,203,0.316847
B0043,205,0.338636
B0043,207,0.324898
B0043,209,0.345558
B0043,211,0.338266
B0043,215,0.251323
B0043,219,0.230564
B0043,221,0.224342
B0043,223,0.222625
B0043,225,0.232701
B0043,227,0.224192
B0043,231,0.232537
B0043,233,0.235879
B0043,235,0.239696
B0043,237,0.228286
B0043,239,0.229576
B0043,243,0.241958
B0043,245,0.234872
B0043,247,0.238075
B0043,249,0.238552
B0043,251,0.248486
B0043,255,0.239577
B0043,257,0.249226
B0043,259,0.253585
B0043,261,0.247977
B0043,263,0.255372
B0043,267,0.244678
B0043,269,0.248595
B0043,271,0.251085
B0043,273,0.253273
B0044,2,0.18053
B0044,4,0.166954
B0044,6,0.164803
B0044,8,0.163899
B0044,10,0.16101
B0044,14,0.158738
B0044,16,0.159277
B0044,18,0.15962
B0044,20,0.160666
B0044,22,0.160895
B0044,26,0.16174
B0044,28,0.161533
B0044,30,0.161739
B0044,32,0.161884
B0044,34,0.162016
B0044,38,0.162692
B0044,40,0.163182
B0044,42,0.163296
B0044,44,0.163413
B0044,46,0.16431
B0044,50,0.163856
B0044,54,0.160295
B0044,56,0.16023
B0044,58,0.161042
B0044,60,0.162254
B0044,62,0.163207
B0044,66,0.162133
B0044,68,0.161286
B0044,70,0.162024
B0044,72,0.16345
B0044,74,0.164859
B0044,78,0.165754
B0044,80,0.164878
B0044,82,0.165139
B0044,84,0.16702
B0044,86,0.168594
B0044,90,0.169097
B0044,92,0.168614
B0044,94,0.167526
B0044,96,0.167878
B0044,98,0.170126
B0044,102,0.359647
B0044,106,0.35573
B0044,108,0.349502
B0044,110,0.362052
B0044,112,0.328401
B0044,115,0.307836
B0044,117,0.312165
B0044,119,0.316577
B0044,121,0.316346
B0044,123,0.324332
B0044,127,0.307576
B0044,129,0.307866
B0044,131,0.319929
B0044,133,0.327655
B0044,135,0.30739
B0044,139,0.324507
B0044,141,0.309419
B0044,143,0.317652
B0044,145,0.309038
B0044,147,0.320108
B0044,151,0.308578
B0044,153,0.330247
B0044,155,0.314193
B0044,157,0.311902
B0044,159,0.313623
B0044,163,0.315733
B0044,167,0.327377
B0044,169,0.306063
B0044,171,0.309822
B0044,173,0.327582
B0044,175,0.307515
B0044,179,0.309093
B0044,181,0.30644
B0044,183,0.306602
B0044,185,0.325182
B0044,187,0.307779
B0044,191,0.307657
B0044,193,0.309957
B0044,195,0.310987
B0044,197,0.316596
B0044,199,0.33509
B0044,203,0.315809
B0044,205,0.335261
B0044,207,0.321433
B0044,209,0.342896
B0044,211,0.332888
B0044,215,0.277886
B0044,219,0.258609
B0044,221,0.248192
B0044,223,0.247544
B0044,225,0.25904
B0044,227,0.249527
B0044,231,0.259814
B0044,233,0.261733
B0044,235,0.265946
B0044,237,0.252938
B0044,239,0.254999
B0044,243,0.270513
B0044,245,0.258673
B0044,247,0.262426
B0044,249,0.263266
B0044,251,0.274217
B0044,255,0.264888
B0044,257,0.274506
B0044,259,0.279565
B0044,261,0.271294
B0044,263,0.281794
B0044,267,0.268326
B0044,269,0.272085
B0044,271,0.273282
B0044,273,0.276943
B0045,0,0.301483
B0045,4,0.278644
B0045,6,0.273832
B0045,8,0.290439
B0045,10,0.289944
B0045,12,0.291908
B0045,16,0.295914
B0045,20,0.290087
B0045,22,0.297233
B0045,24,0.291342
B0045,26,0.299256
B0045,28,0.29575
B0045,32,0.295083
B0045,36,0.292317
B0045,38,0.297707
B0045,40,0.299726
B0045,42,0.297177
B0045,44,0.305062
B0045,48,0.299856
B0045,50,0.306606
B0045,52,0.312292
B0045,54,0.304295
B0045,56,0.308579
B0045,60,0.308839
B0045,62,0.312018
B0045,64,0.305831
B0045,66,0.305864
B0045,68,0.317422
B0045,72,0.305586
B0045,74,0.319148
B0045,76,0.315504
B0045,78,0.312242
B0045,80,0.321171
B0045,84,0.32071
B0045,88,0.300369
B0045,90,0.307701
B0045,92,0.315659
B0045,94,0.307374
B0045,96,0.314208
B0045,100,0.311345
B0045,102,0.319476
B0045,104,0.324723
B0045,106,0.324128
B0045,108,0.326613
B0045,112,0.315793
B0045,114,0.32856
B0045,116,0.324166
B0045,118,0.329114
B0045,120,0.333214
B0045,124,0.325053
B0045,126,0.321203
B0045,128,0.322398
B0045,130,0.336997
B0045,132,0.33074
B0045,136,0.33618
B0045,140,0.321164
B0045,142,0.322084
B0045,144,0.321366
B0045,146,0.32472
B0045,148,0.329835
B0045,152,0.32452
B0045,156,0.323854
B0045,158,0.326306
B0045,160,0.331496
B0045,162,0.327468
B0045,164,0.334756
B0045,168,0.328138
B0045,172,0.317636
B0045,174,0.327079
B0045,176,0.326216
B0045,178,0.327612
B0045,180,0.335043
B0046,0,0.248082
B0046,4,0.223573
B0046,6,0.219437
B0046,8,0.229095
B0046,10,0.228518
B0046,12,0.228578
B0046,16,0.233653
B0046,20,0.227009
B0046,22,0.231623
B0046,24,0.228698
B0046,26,0.232588
B0046,28,0.231491
B0046,32,0.236372
B0046,36,0.231266
B0046,38,0.234051
B0046,40,0.234507
B0046,42,0.231707
B0046,44,0.238464
B0046,48,0.234199
B0046,50,0.242458
B0046,52,0.243535
B0046,54,0.2409
B0046,56,0.244876
B0046,60,0.241818
B0046,62,0.247311
B0046,64,0.242896
B0046,66,0.243473
B0046,68,0.253145
B0046,72,0.24278
B0046,74,0.255996
B0046,76,0.254641
B0046,78,0.252066
B0046,80,0.260025
B0046,84,0.256674
B0046,88,0.241546
B0046,90,0.24682
B0046,92,0.254479
B0046,94,0.249572
B0046,96,0.255094
B0046,100,0.250135
B0046,102,0.259886
B0046,104,0.266853
B0046,106,0.264425
B0046,108,0.267788
B0046,112,0.255862
B0046,114,0.271114
B0046,116,0.267876
B0046,118,0.273023
B0046,120,0.275401
B0046,124,0.267592
B0046,126,0.268454
B0046,128,0.270836
B0046,130,0.283119
B0046,132,0.280383
B0046,136,0.276009
B0046,140,0.262137
B0046,142,0.264478
B0046,144,0.264498
B0046,146,0.267236
B0046,148,0.271224
B0046,152,0.261951
B0046,156,0.263398
B0046,158,0.26976
B0046,160,0.273664
B0046,162,0.271408
B0046,164,0.277472
B0046,168,0.267573
B0046,172,0.255167
B0046,174,0.264026
B0046,176,0.264364
B0046,178,0.266707
B0046,180,0.274145
B0047,0,0.254815
B0047,4,0.231543
B0047,6,0.224933
B0047,8,0.237781
B0047,10,0.236242
B0047,12,0.236631
B0047,16,0.245609
B0047,20,0.235706
B0047,22,0.241198
B0047,24,0.237655
B0047,26,0.244382
B0047,28,0.24023
B0047,32,0.24955
B0047,36,0.242873
B0047,38,0.245616
B0047,40,0.246872
B0047,42,0.245338
B0047,44,0.251719
B0047,48,0.246125
B0047,50,0.255179
B0047,52,0.258191
B0047,54,0.252541
B0047,56,0.256972
B0047,60,0.255538
B0047,62,0.260807
B0047,64,0.255309
B0047,66,0.254912
B0047,68,0.268121
B0047,72,0.255449
B0047,74,0.268901
B0047,76,0.266627
B0047,78,0.264429
B0047,80,0.27412
B0047,84,0.275338
B0047,88,0.251309
B0047,90,0.256376
B0047,92,0.265112
B0047,94,0.257716
B0047,96,0.264452
B0047,100,0.261893
B0047,102,0.270727
B0047,104,0.279998
B0047,106,0.277365
B0047,108,0.281108
B0047,112,0.267267
B0047,114,0.284559
B0047,116,0.277524
B0047,118,0.283709
B0047,120,0.287826
B0047,124,0.278149
B0047,126,0.275527
B0047,128,0.278326
B0047,130,0.293865
B0047,132,0.287193
B0047,136,0.289542
B0047,140,0.269942
B0047,142,0.270746
B0047,144,0.27061
B0047,146,0.274013
B0047,148,0.277456
B0047,152,0.274034
B0047,156,0.270261
B0047,158,0.275543
B0047,160,0.279697
B0047,162,0.277146
B0047,164,0.283917
B0047,168,0.275998
B0047,172,0.262252
B0047,174,0.270364
B0047,176,0.269354
B0047,178,0.271906
B0047,180,0.279876
B0048,0,0.265891
B0048,4,0.243407
B0048,6,0.237604
B0048,8,0.250638
B0048,10,0.248725
B0048,12,0.246788
B0048,16,0.258998
B0048,20,0.245977
B0048,22,0.254368
B0048,24,0.247018
B0048,26,0.256045
B0048,28,0.249768
B0048,32,0.261015
B0048,36,0.254702
B0048,38,0.257457
B0048,40,0.257354
B0048,42,0.255142
B0048,44,0.26182
B0048,48,0.254273
B0048,50,0.263826
B0048,52,0.266537
B0048,54,0.260703
B0048,56,0.265311
B0048,60,0.262313
B0048,62,0.269451
B0048,64,0.261452
B0048,66,0.261277
B0048,68,0.276993
B0048,72,0.260944
B0048,74,0.276539
B0048,76,0.27271
B0048,78,0.268584
B0048,80,0.279735
B0048,84,0.282031
B0048,88,0.256682
B0048,90,0.26143
B0048,92,0.270409
B0048,94,0.261607
B0048,96,0.268015
B0048,100,0.265537
B0048,102,0.274513
B0048,104,0.281429
B0048,106,0.282566
B0048,108,0.283018
B0048,112,0.267647
B0048,114,0.287463
B0048,116,0.279746
B0048,118,0.284474
B0048,120,0.291389
B0048,124,0.278656
B0048,126,0.276388
B0048,128,0.278053
B0048,130,0.293897
B0048,132,0.28674
B0048,136,0.293359
B0048,140,0.271864
B0048,142,0.270703
B0048,144,0.273714
B0048,146,0.27451
B0048,148,0.280499
B0048,152,0.274513
B0048,156,0.270396
B0048,158,0.274338
B0048,160,0.2802
B0048,162,0.276032
B0048,164,0.284386
B0048,168,0.276972
B0048,172,0.261622
B0048,174,0.273721
B0048,176,0.269675
B0048,178,0.270005
B0048,180,0.278859
B0049,0,0.213367
B0049,4,0.209518
B0049,6,0.189724
B0049,8,0.183521
B0049,10,0.466126
B0049,14,0.223135
B0049,16,0.21915
B0049,18,0.214723
B0049,20,0.225292
B0049,22,0.22423
B0049,26,0.225496
B0049,28,0.230471
B0049,30,0.235084
B0049,32,0.244103
B0049,34,0.246561
B0049,38,0.240069
B0049,40,0.246973
B0049,42,0.256293
B0049,44,0.244822
B0049,46,0.247216
B0049,50,0.253552
B0049,52,0.251097
B0049,54,0.258437
B0049,56,0.258825
B0049,58,0.26185
B0050,0,0.21535
B0050,4,0.199345
B0050,6,0.181691
B0050,8,0.178211
B0050,10,0.475986
B0050,14,0.521867
B0050,16,0.207919
B0050,18,0.19165
B0050,20,0.194656
B0050,22,0.189403
B0050,26,0.195684
B0050,28,0.208069
B0050,30,0.204097
B0050,32,0.325727
B0050,34,0.21494
B0050,38,0.210381
B0050,40,0.209929
B0050,42,0.207457
B0050,44,0.347926
B0050,46,0.246737
B0050,50,0.216964
B0051,0,0.224717
B0051,4,0.215911
B0051,6,0.200606
B0051,8,0.197389
B0051,10,0.443399
B0051,14,0.224091
B0051,16,0.216157
B0051,18,0.208892
B0051,20,0.214409
B0051,22,0.210532
B0051,26,0.210036
B0051,28,0.211451
B0051,30,0.213271
B0051,32,0.218426
B0051,34,0.219232
B0051,38,0.212561
B0051,40,0.21678
B0051,42,0.223696
B0051,44,0.214556
B0051,46,0.214934
B0051,50,0.219799
B0051,52,0.217255
B0051,54,0.222162
B0051,56,0.221224
B0051,58,0.22361
B0052,0,0.219785
B0052,4,0.204937
B0052,6,0.193326
B0052,8,0.192449
B0053,0,0.234159
B0053,4,0.229048
B0053,6,0.226656
B0053,8,0.228276
B0053,10,0.228826
B0053,12,0.230119
B0053,16,0.231839
B0053,18,0.230102
B0053,20,0.227702
B0053,22,0.231295
B0053,24,0.231717
B0053,28,0.229893
B0053,30,0.23515
B0053,32,0.228536
B0053,34,0.23277
B0053,36,0.230008
B0053,40,0.232383
B0053,42,0.236969
B0053,44,0.229041
B0053,46,0.232569
B0053,48,0.235998
B0053,52,0.233524
B0053,56,0.233821
B0053,58,0.230271
B0053,60,0.235617
B0053,62,0.231882
B0053,64,0.237943
B0053,68,0.235135
B0053,70,0.239387
B0053,72,0.233457
B0053,74,0.239246
B0053,76,0.232873
B0053,80,0.239516
B0053,82,0.234699
B0053,84,0.236813
B0053,86,0.237654
B0053,88,0.242277
B0053,92,0.237091
B0053,94,0.242144
B0053,96,0.235612
B0053,98,0.238491
B0053,100,0.243625
B0053,104,0.244336
B0053,108,0.235295
B0053,110,0.232803
B0053,112,0.236341
B0053,114,0.234491
B0053,116,0.236185
B0053,120,0.233683
B0053,122,0.241805
B0053,124,0.237129
B0053,126,0.244161
B0053,128,0.238459
B0053,132,0.23771
B0053,134,0.24475
B0054,0,0.298619
B0054,4,0.246475
B0054,6,0.232413
B0054,8,0.236766
B0054,10,0.226353
B0054,12,0.229526
B0054,16,0.22708
B0054,18,0.226574
B0054,20,0.22327
B0054,22,0.216263
B0054,24,0.222037
B0054,28,0.217498
B0054,30,0.22037
B0054,32,0.215339
B0054,34,0.213866
B0054,36,0.213059
B0054,40,0.217231
B0054,42,0.217623
B0054,44,0.216142
B0054,46,0.212012
B0054,48,0.209967
B0054,52,0.221178
B0054,56,0.209206
B0054,58,0.210995
B0054,60,0.211809
B0054,62,0.212417
B0054,64,0.208176
B0054,68,0.209454
B0054,70,0.210486
B0054,72,0.213741
B0054,74,0.208562
B0054,76,0.208477
B0054,80,0.210489
B0054,82,0.207171
B0054,84,0.211454
B0054,86,0.208584
B0054,88,0.211748
B0054,92,0.208496
B0054,94,0.213008
B0054,96,0.209713
B0054,98,0.207984
B0054,100,0.214903
B0054,104,0.214933
B0054,108,0.21231
B0054,110,0.207507
B0054,112,0.21344
B0054,114,0.212476
B0054,116,0.220543
B0054,120,0.210451
B0054,122,0.208056
B0054,124,0.209478
B0054,126,0.209779
B0054,128,0.210877
B0054,132,0.212218
B0054,134,0.210346
B0054,136,0.207838
B0054,138,0.212394
B0054,140,0.211567
B0054,144,0.210302
B0054,146,0.215189
B0054,148,0.208696
B0054,150,0.213264
B0054,152,0.209701
B0054,156,0.212758
B0054,158,0.215643
B0054,160,0.208269
B0054,162,0.212477
B0054,164,0.214876
B0054,168,0.215362
B0054,172,0.212951
B0054,174,0.209237
B0054,176,0.214973
B0054,178,0.210886
B0054,180,0.21663
B0054,184,0.214014
B0054,186,0.217553
B0054,188,0.211526
B0054,190,0.217682
B0054,192,0.211492
B0054,196,0.218496
B0054,198,0.212587
B0054,200,0.214493
B0054,202,0.215357
B0054,204,0.219623
B0054,208,0.214897
B0054,210,0.219018
B0054,212,0.212227
B0054,214,0.215622
B0054,216,0.220426
B0054,220,0.228233
B0054,224,0.214446
B0054,226,0.211727
B0054,228,0.214393
B0054,230,0.212411
B0054,232,0.214633
B0054,236,0.211629
B0054,238,0.220769
B0054,240,0.214174
B0054,242,0.222176
B0054,244,0.215997
B0054,248,0.215098
B0054,250,0.222353
B0055,0,0.294923
B0055,4,0.245829
B0055,6,0.225124
B0055,8,0.225982
B0055,10,0.217942
B0055,12,0.219046
B0055,16,0.218045
B0055,18,0.216253
B0055,20,0.21407
B0055,22,0.207244
B0055,24,0.21198
B0055,28,0.20836
B0055,30,0.210216
B0055,32,0.206778
B0055,34,0.204668
B0055,36,0.202999
B0055,40,0.208081
B0055,42,0.208486
B0055,44,0.205717
B0055,46,0.202067
B0055,48,0.199773
B0055,52,0.210736
B0055,56,0.199798
B0055,58,0.201052
B0055,60,0.201418
B0055,62,0.200957
B0055,64,0.196984
B0055,68,0.197125
B0055,70,0.197932
B0055,72,0.200635
B0055,74,0.196377
B0055,76,0.196382
B0055,80,0.19861
B0055,82,0.194589
B0055,84,0.197667
B0055,86,0.195588
B0055,88,0.197804
B0055,92,0.195204
B0055,94,0.19861
B0055,96,0.196139
B0055,98,0.193656
B0055,100,0.199024
B0055,104,0.199944
B0055,108,0.198661
B0055,110,0.193611
B0055,112,0.198245
B0055,114,0.197603
B0055,116,0.203167
B0055,120,0.195582
B0055,122,0.193053
B0055,124,0.194095
B0055,126,0.193735
B0055,128,0.194341
B0055,132,0.195995
B0055,134,0.194345
B0055,136,0.191588
B0055,138,0.194558
B0055,140,0.19483
B0055,144,0.193692
B0055,146,0.197315
B0055,148,0.19215
B0055,150,0.194804
B0055,152,0.19274
B0055,156,0.19452
B0055,158,0.197682
B0055,160,0.191468
B0055,162,0.193548
B0055,164,0.196829
B0055,168,0.196344
B0055,172,0.195295
B0055,174,0.191389
B0055,176,0.195073
B0055,178,0.192408
B0055,180,0.197234
B0055,184,0.194517
B0055,186,0.198568
B0055,188,0.192151
B0055,190,0.197518
B0055,192,0.192613
B0055,196,0.198592
B0055,198,0.192816
B0055,200,0.194871
B0055,202,0.195456
B0055,204,0.199028
B0055,208,0.194863
B0055,210,0.19866
B0055,212,0.192802
B0055,214,0.194553
B0055,216,0.198821
B0055,220,0.204055
B0055,224,0.193023
B0055,226,0.191558
B0055,228,0.193182
B0055,230,0.191289
B0055,232,0.193918
B0055,236,0.191469
B0055,238,0.197224
B0055,240,0.19238
B0055,242,0.19971
B0055,244,0.192977
B0055,248,0.192622
B0055,250,0.198446
B0056,0,0.304124
B0056,4,0.260845
B0056,6,0.236591
B0056,8,0.240601
B0056,10,0.230755
B0056,12,0.233959
B0056,16,0.234417
B0056,18,0.232137
B0056,20,0.229218
B0056,22,0.221528
B0056,24,0.22802
B0056,28,0.224296
B0056,30,0.2286
B0056,32,0.222537
B0056,34,0.220311
B0056,36,0.218957
B0056,40,0.227949
B0056,42,0.226949
B0056,44,0.223717
B0056,46,0.219358
B0056,48,0.216618
B0056,52,0.227824
B0056,56,0.217704
B0056,58,0.218749
B0056,60,0.220126
B0056,62,0.221904
B0056,64,0.214459
B0056,68,0.215483
B0056,70,0.21614
B0056,72,0.221206
B0056,74,0.214433
B0056,76,0.214803
B0056,80,0.217043
B0056,82,0.212075
B0056,84,0.216199
B0056,86,0.214643
B0056,88,0.216852
B0056,92,0.213146
B0056,94,0.219415
B0056,96,0.214156
B0056,98,0.211836
B0056,100,0.219274
B0056,104,0.217538
B0056,108,0.218532
B0056,110,0.211622
B0056,112,0.219212
B0056,114,0.216134
B0056,116,0.222719
B0056,120,0.214509
B0056,122,0.21084
B0056,124,0.212237
B0056,126,0.212238
B0056,128,0.213034
B0056,132,0.217527
B0056,134,0.214877
B0056,136,0.209543
B0056,138,0.213348
B0056,140,0.214596
B0056,144,0.211346
B0056,146,0.218466
B0056,148,0.20951
B0056,150,0.21303
B0056,152,0.211016
B0056,156,0.212616
B0056,158,0.219054
B0056,160,0.208831
B0056,162,0.212086
B0056,164,0.215352
B0056,168,0.215916
B0056,172,0.213464
B0056,174,0.208601
B0056,176,0.214141
B0056,178,0.209718
B0056,180,0.217154
B0056,184,0.212907
B0056,186,0.219345
B0056,188,0.210331
B0056,190,0.216972
B0056,192,0.209663
B0056,196,0.219528
B0056,198,0.210545
B0056,200,0.212403
B0056,202,0.213445
B0056,204,0.21914
B0056,208,0.212447
B0056,210,0.219315
B0056,212,0.210226
B0056,214,0.21217
B0056,216,0.218231
B0056,220,0.222033
B0056,224,0.210889
B0056,226,0.20937
B0056,228,0.210753
B0056,230,0.208316
B0056,232,0.211908
B0056,236,0.20846
B0056,238,0.215958
B0056,240,0.209202
B0056,242,0.218944
B0056,244,0.210735
B0056,248,0.209734
B0056,250,0.217591
B0005,1,0.135169
B0005,3,0.131099
B0005,5,0.129404
B0005,7,0.128654
B0005,9,0.128539
B0005,11,0.127587
B0005,13,0.126742
B0005,15,0.125284
B0005,17,0.126043
B0005,19,0.125851
B0005,21,0.125738
B0005,24,0.124551
B0005,26,0.124345
B0005,28,0.124921
B0005,30,0.124892
B0005,32,0.124944
B0005,34,0.12479
B0005,36,0.125183
B0005,38,0.125079
B0005,41,0.124949
B0005,45,0.1237
B0005,49,0.124266
B0005,53,0.124999
B0005,57,0.124906
B0005,61,0.125124
B0005,65,0.125276
B0005,69,0.125293
B0005,73,0.125537
B0005,77,0.125147
B0005,81,0.125178
B0005,85,0.113842
B0005,89,0.112029
B0005,93,0.11249
B0005,97,0.113144
B0005,101,0.113336
B0005,105,0.112919
B0005,109,0.113184
B0005,113,0.114014
B0005,117,0.114434
B0005,121,0.114223
B0005,125,0.113441
B0005,129,0.11312
B0005,133,0.127444
B0005,135,0.113992
B0005,139,0.115135
B0005,143,0.115253
B0005,147,0.115688
B0005,149,0.109683
B0005,153,0.110488
B0005,157,0.112126
B0005,161,0.113046
B0005,165,0.11392
B0005,169,0.114199
B0005,173,0.113869
B0005,177,0.114864
B0005,181,0.11514
B0005,185,0.115804
B0005,189,0.115503
B0005,193,0.115187
B0005,197,0.115452
B0005,201,0.116438
B0005,205,0.117139
B0005,209,0.116334
B0005,213,0.116102
B0005,215,0.117182
B0005,219,0.117698
B0005,223,0.118335
B0005,227,0.118619
B0005,231,0.118529
B0005,235,0.118943
B0005,239,0.119206
B0005,243,0.119621
B0005,247,0.120368
B0005,251,0.120476
B0005,255,0.12074
B0005,259,0.121317
B0005,263,0.122061
B0005,265,0.120437
B0005,269,0.121907
B0005,273,0.123233
B0005,277,0.12343
B0005,281,0.123076
B0005,285,0.122281
B0005,289,0.123348
B0005,293,0.124248
B0005,297,0.124996
B0005,301,0.125257
B0005,305,0.124422
B0005,309,0.124964
B0005,312,0.123938
B0005,315,0.121136
B0005,319,0.121935
B0005,323,0.122577
B0005,327,0.123349
B0005,331,0.124056
B0005,335,0.124727
B0005,339,0.124693
B0005,343,0.124893
B0005,347,0.125589
B0005,351,0.125941
B0005,355,0.126193
B0005,359,0.126581
B0005,363,0.126146
B0005,366,0.124955
B0005,370,0.126056
B0005,374,0.126481
B0005,378,0.127377
B0005,382,0.127817
B0005,386,0.127624
B0005,390,0.127634
B0005,394,0.12884
B0005,398,0.129245
B0005,402,0.129196
B0005,406,0.128649
B0005,410,0.129719
B0005,414,0.130005
B0005,418,0.131474
B0005,422,0.130733
B0005,426,0.130335
B0005,430,0.128237
B0005,432,0.128093
B0005,436,0.130093
B0005,440,0.131018
B0005,444,0.131809
B0005,448,0.131995
B0005,452,0.132565
B0005,456,0.133105
B0005,460,0.13362
B0005,464,0.133912
B0005,468,0.134384
B0005,472,0.134858
B0005,476,0.135388
B0005,480,0.131458
B0005,482,0.132225
B0005,484,0.133535
B0005,488,0.13439
B0005,492,0.136114
B0005,496,0.135314
B0005,500,0.134708
B0005,504,0.135947
B0005,508,0.137101
B0005,512,0.137675
B0005,516,0.137391
B0005,520,0.137314
B0005,524,0.138169
B0005,528,0.139417
B0005,532,0.139556
B0005,536,0.138732
B0005,540,0.139404
B0005,544,0.139648
B0005,547,0.135739
B0005,551,0.136734
B0005,555,0.137871
B0005,559,0.138481
B0005,563,0.139261
B0005,567,0.140043
B0005,571,0.139753
B0005,575,0.140573
B0005,579,0.14083
B0005,583,0.140563
B0005,587,0.140777
B0005,591,0.141087
B0005,595,0.141468
B0005,599,0.141631
B0005,603,0.141927
B0005,607,0.141964
B0005,611,0.136833
B0005,613,0.136412
B0006,1,0.130604
B0006,3,0.126943
B0006,5,0.125729
B0006,7,0.125452
B0006,9,0.125008
B0006,11,0.126114
B0006,13,0.125567
B0006,15,0.124383
B0006,17,0.124273
B0006,19,0.124829
B0006,21,0.124953
B0006,24,0.124948
B0006,26,0.124114
B0006,28,0.124693
B0006,30,0.125241
B0006,32,0.126016
B0006,34,0.125897
B0006,36,0.12669
B0006,38,0.126374
B0006,41,0.123856
B0006,45,0.122875
B0006,49,0.124114
B0006,53,0.124629
B0006,57,0.125644
B0006,61,0.126194
B0006,65,0.126379
B0006,69,0.127231
B0006,73,0.128117
B0006,77,0.128161
B0006,81,0.128951
B0006,85,0.116301
B0006,89,0.114702
B0006,93,0.115482
B0006,97,0.117042
B0006,101,0.117125
B0006,105,0.11704
B0006,109,0.11803
B0006,113,0.119096
B0006,117,0.120209
B0006,121,0.120608
B0006,125,0.120143
B0006,129,0.120205
B0006,133,0.134487
B0006,135,0.120622
B0006,139,0.122301
B0006,143,0.123174
B0006,147,0.124097
B0006,149,0.114393
B0006,153,0.116242
B0006,157,0.118465
B0006,161,0.120109
B0006,165,0.121681
B0006,169,0.122742
B0006,173,0.123134
B0006,177,0.124373
B0006,181,0.125706
B0006,185,0.126835
B0006,189,0.126991
B0006,193,0.126784
B0006,197,0.127994
B0006,201,0.129333
B0006,205,0.130693
B0006,209,0.131484
B0006,213,0.131573
B0006,215,0.133675
B0006,219,0.134108
B0006,223,0.135043
B0006,227,0.136356
B0006,231,0.136845
B0006,235,0.137288
B0006,239,0.138024
B0006,243,0.138772
B0006,247,0.13983
B0006,251,0.14062
B0006,255,0.141707
B0006,259,0.142647
B0006,263,0.143197
B0006,265,0.139197
B0006,269,0.141674
B0006,273,0.144017
B0006,277,0.145021
B0006,281,0.145087
B0006,285,0.144721
B0006,289,0.146103
B0006,293,0.14747
B0006,297,0.14906
B0006,301,0.148956
B0006,305,0.148322
B0006,309,0.148698
B0006,312,0.14412
B0006,315,0.13893
B0006,319,0.139804
B0006,323,0.142354
B0006,327,0.143976
B0006,331,0.145008
B0006,335,0.145889
B0006,339,0.146705
B0006,343,0.147323
B0006,347,0.148581
B0006,351,0.148829
B0006,355,0.149634
B0006,359,0.150586
B0006,363,0.149783
B0006,366,0.146558
B0006,370,0.14805
B0006,374,0.149263
B0006,378,0.150822
B0006,382,0.152659
B0006,386,0.152107
B0006,390,0.151971
B0006,394,0.153197
B0006,398,0.154908
B0006,402,0.154099
B0006,406,0.153962
B0006,410,0.155194
B0006,414,0.156146
B0006,418,0.156855
B0006,422,0.156231
B0006,426,0.155633
B0006,430,0.151587
B0006,432,0.151721
B0006,436,0.153357
B0006,440,0.155236
B0006,444,0.156462
B0006,448,0.157489
B0006,452,0.157302
B0006,456,0.158108
B0006,460,0.15903
B0006,464,0.159321
B0006,468,0.159245
B0006,472,0.159872
B0006,476,0.160153
B0006,480,0.15757
B0006,482,0.156297
B0006,484,0.157707
B0006,488,0.158914
B0006,492,0.160276
B0006,496,0.159766
B0006,500,0.159444
B0006,504,0.160225
B0006,508,0.161552
B0006,512,0.162706
B0006,516,0.16158
B0006,520,0.161915
B0006,524,0.162741
B0006,528,0.164089
B0006,532,0.164605
B0006,536,0.163318
B0006,540,0.163357
B0006,544,0.162541
B0006,547,0.158079
B0006,551,0.160303
B0006,555,0.161731
B0006,559,0.162529
B0006,563,0.163013
B0006,567,0.164118
B0006,571,0.164336
B0006,575,0.164513
B0006,579,0.16538
B0006,583,0.164864
B0006,587,0.164903
B0006,591,0.165384
B0006,595,0.16635
B0006,599,0.16578
B0006,603,0.165986
B0006,607,0.16652
B0006,611,0.159725
B0006,613,0.159896
B0007,1,0.134015
B0007,3,0.130599
B0007,5,0.129426
B0007,7,0.128766
B0007,9,0.128676
B0007,11,0.127963
B0007,13,0.127381
B0007,15,0.126765
B0007,17,0.126241
B0007,19,0.126199
B0007,21,0.126544
B0007,24,0.126187
B0007,26,0.125525
B0007,28,0.125724
B0007,30,0.125821
B0007,32,0.126042
B0007,34,0.12596
B0007,36,0.125518
B0007,38,0.12586
B0007,41,0.124721
B0007,45,0.123832
B0007,49,0.124584
B0007,53,0.125351
B0007,57,0.12556
B0007,61,0.125526
B0007,65,0.125496
B0007,69,0.125831
B0007,73,0.126233
B0007,77,0.126112
B0007,81,0.126228
B0007,85,0.113333
B0007,89,0.111427
B0007,93,0.112064
B0007,97,0.112727
B0007,101,0.112533
B0007,105,0.112326
B0007,109,0.112494
B0007,113,0.113252
B0007,117,0.11356
B0007,121,0.113546
B0007,125,0.112436
B0007,129,0.11256
B0007,133,0.126011
B0007,135,0.112942
B0007,139,0.113765
B0007,143,0.114317
B0007,147,0.1145
B0007,149,0.108591
B0007,153,0.109763
B0007,157,0.111118
B0007,161,0.112385
B0007,165,0.113247
B0007,169,0.113356
B0007,173,0.11293
B0007,177,0.113708
B0007,181,0.113821
B0007,185,0.114455
B0007,189,0.114517
B0007,193,0.114089
B0007,197,0.114851
B0007,201,0.114756
B0007,205,0.115648
B0007,209,0.115504
B0007,213,0.115027
B0007,215,0.115283
B0007,219,0.116028
B0007,223,0.116475
B0007,227,0.11664
B0007,231,0.116883
B0007,235,0.11706
B0007,239,0.117328
B0007,243,0.117614
B0007,247,0.117513
B0007,251,0.118068
B0007,255,0.1185
B0007,259,0.118272
B0007,263,0.119379
B0007,265,0.117977
B0007,269,0.119713
B0007,273,0.12055
B0007,277,0.120319
B0007,281,0.119851
B0007,285,0.119484
B0007,289,0.11988
B0007,293,0.120631
B0007,297,0.121323
B0007,301,0.12103
B0007,305,0.120409
B0007,309,0.120642
B0007,312,0.120921
B0007,315,0.118409
B0007,319,0.118701
B0007,323,0.119163
B0007,327,0.119962
B0007,331,0.120935
B0007,335,0.120936
B0007,339,0.121236
B0007,343,0.121271
B0007,347,0.12166
B0007,351,0.121927
B0007,355,0.122089
B0007,359,0.121967
B0007,363,0.121855
B0007,366,0.120657
B0007,370,0.121182
B0007,374,0.121686
B0007,378,0.122359
B0007,382,0.122627
B0007,386,0.122346
B0007,390,0.122272
B0007,394,0.122997
B0007,398,0.123708
B0007,402,0.123502
B0007,406,0.12313
B0007,410,0.12337
B0007,414,0.123829
B0007,418,0.124899
B0007,422,0.124495
B0007,426,0.124173
B0007,430,0.123079
B0007,432,0.122456
B0007,436,0.12396
B0007,440,0.125196
B0007,444,0.125274
B0007,448,0.125989
B0007,452,0.126019
B0007,456,0.126351
B0007,460,0.127076
B0007,464,0.12715
B0007,468,0.12766
B0007,472,0.127627
B0007,476,0.128051
B0007,480,0.126099
B0007,482,0.125653
B0007,484,0.126874
B0007,488,0.128007
B0007,492,0.128427
B0007,496,0.128084
B0007,500,0.127612
B0007,504,0.128346
B0007,508,0.129613
B0007,512,0.130169
B0007,516,0.12996
B0007,520,0.129496
B0007,524,0.130329
B0007,528,0.131534
B0007,532,0.131849
B0007,536,0.131337
B0007,540,0.131551
B0007,544,0.131808
B0007,547,0.128556
B0007,551,0.129772
B0007,555,0.130153
B0007,559,0.131027
B0007,563,0.131655
B0007,567,0.131973
B0007,571,0.131918
B0007,575,0.132764
B0007,579,0.132879
B0007,583,0.133116
B0007,587,0.132834
B0007,591,0.13337
B0007,595,0.13372
B0007,599,0.133724
B0007,603,0.134003
B0007,607,0.13374
B0007,611,0.1304
B0007,613,0.129597
B0018,2,0.12382
B0018,6,0.119722
B0018,10,0.119533
B0018,14,0.120012
B0018,17,0.117003
B0018,19,0.115801
B0018,21,0.115654
B0018,23,0.116566
B0018,26,0.116564
B0018,29,0.116902
B0018,31,0.116044
B0018,33,0.115616
B0018,35,0.116957
B0018,38,0.117622
B0018,41,0.117235
B0018,43,0.115587
B0018,45,0.115938
B0018,47,0.116526
B0018,50,0.118103
B0018,53,0.11884
B0018,55,0.11928
B0018,57,0.119324
B0018,59,0.119496
B0018,62,0.120364
B0018,65,0.119175
B0018,67,0.118001
B0018,69,0.116977
B0018,71,0.117682
B0018,74,0.118339
B0018,77,0.118869
B0018,79,0.119694
B0018,81,0.119147
B0018,83,0.119324
B0018,86,0.120542
B0018,89,0.120961
B0018,91,0.122512
B0018,93,0.122463
B0018,95,0.122337
B0018,98,0.122015
B0018,101,0.121022
B0018,103,0.121015
B0018,105,0.122179
B0018,107,0.122843
B0018,110,0.124768
B0018,113,0.124394
B0018,116,0.119661
B0018,118,0.117639
B0018,120,0.118128
B0018,122,0.11903
B0018,124,0.119592
B0018,127,0.11818
B0018,129,0.118921
B0018,131,0.119693
B0018,133,0.119877
B0018,135,0.121841
B0018,140,0.122989
B0018,142,0.120251
B0018,144,0.121148
B0018,146,0.122281
B0018,149,0.123574
B0018,152,0.123787
B0018,154,0.124429
B0018,156,0.124862
B0018,158,0.125605
B0018,161,0.126675
B0018,164,0.127083
B0018,166,0.127737
B0018,168,0.128782
B0018,170,0.129283
B0018,173,0.129979
B0018,176,0.128342
B0018,178,0.127071
B0018,180,0.128337
B0018,182,0.129516
B0018,184,0.130787
B0018,187,0.130682
B0018,189,0.13113
B0018,191,0.131407
B0018,193,0.132283
B0018,196,0.13389
B0018,199,0.134292
B0018,201,0.134617
B0018,203,0.134439
B0018,205,0.134135
B0018,208,0.136197
B0018,211,0.131845
B0018,213,0.133355
B0018,215,0.134611
B0018,217,0.136211
B0018,219,0.137402
B0018,222,0.134665
B0018,224,0.134975
B0018,226,0.136299
B0018,228,0.135675
B0018,231,0.13776
B0018,234,0.137009
B0018,236,0.138338
B0018,238,0.138909
B0018,240,0.138884
B0018,243,0.140472
B0018,246,0.139823
B0018,248,0.14044
B0018,250,0.140731
B0018,252,0.141084
B0018,255,0.142333
B0018,258,0.133887
B0018,260,0.133559
B0018,262,0.133465
B0018,264,0.135398
B0018,266,0.136371
B0018,269,0.137919
B0018,271,0.138094
B0018,273,0.13648
B0018,275,0.136601
B0018,278,0.138188
B0018,281,0.139038
B0018,283,0.140024
B0018,285,0.141245
B0018,287,0.141932
B0018,290,0.144827
B0018,293,0.137299
B0018,295,0.137287
B0018,297,0.138197
B0018,299,0.138452
B0018,301,0.140294
B0018,304,0.139441
B0018,306,0.139531
B0018,308,0.139652
B0018,310,0.138759
B0018,313,0.141491
B0018,316,0.140825
B0018,318,0.142643
